Timestamp,PositionX,PositionY,X(V),Y(V),Frequency(Hz),Voltage(V)
2025-04-04 10:42:41.379872,55.0,37.5,-2.6478768067e-09,-7.5609683847e-08,1000.000000,-2.3253712e-05
2025-04-04 10:42:41.390943,55.0,37.5,-2.6478768067e-09,-7.5609683847e-08,1000.000000,-2.3253712e-05
2025-04-04 10:42:41.437351,55.0,37.53035,-2.681779776e-08,-8.8707452051e-08,1000.000000,-3.00728416e-05
2025-04-04 10:42:41.448580,55.0,37.53035,-2.681779776e-08,-8.8707452051e-08,1000.000000,-2.78768499e-05
2025-04-04 10:42:41.459579,55.0,37.53035,-2.681779776e-08,-8.8707452051e-08,1000.000000,-2.78768499e-05
2025-04-04 10:42:41.470588,55.0,37.53035,-2.1640778058e-08,-8.7108134039e-08,1000.000000,-2.78768499e-05
2025-04-04 10:42:41.481468,55.0,37.77145,-2.1640778058e-08,-8.7108134039e-08,1000.000000,-2.78768499e-05
2025-04-04 10:42:41.493192,55.0,37.77145,-2.1640778058e-08,-8.7108134039e-08,1000.000000,-3.16524141e-05
2025-04-04 10:42:41.504015,55.0,37.77145,-2.1640778058e-08,-8.7108134039e-08,1000.000000,-3.16524141e-05
2025-04-04 10:42:41.514977,55.0,37.9553,-7.9836848244e-09,-9.365272291e-08,1000.000000,-3.16524141e-05
2025-04-04 10:42:41.525912,55.0,37.9553,-7.9836848244e-09,-9.365272291e-08,1000.000000,-3.16524141e-05
2025-04-04 10:42:41.537029,55.0,37.9553,-7.9836848244e-09,-9.365272291e-08,1000.000000,-2.11347733e-05
2025-04-04 10:42:41.549196,55.00005,38.1365,-8.1925390916e-09,-9.4190603761e-08,1000.000000,-2.11347733e-05
2025-04-04 10:42:41.559904,55.00005,38.1365,-8.1925390916e-09,-9.4190603761e-08,1000.000000,-2.11347733e-05
2025-04-04 10:42:41.571392,55.00005,38.1365,-8.1925390916e-09,-9.4190603761e-08,1000.000000,-2.57193846e-05
2025-04-04 10:42:41.583570,55.00005,38.1365,-8.1925390916e-09,-9.4190603761e-08,1000.000000,-2.57193846e-05
2025-04-04 10:42:41.594095,55.00005,38.3081,-1.0195255307e-08,-1.1191463756e-07,1000.000000,-2.57193846e-05
2025-04-04 10:42:41.604871,55.00005,38.3081,-1.0195255307e-08,-1.1191463756e-07,1000.000000,-2.88014788e-05
2025-04-04 10:42:41.615710,55.00005,38.3081,-1.0195255307e-08,-1.1191463756e-07,1000.000000,-2.88014788e-05
2025-04-04 10:42:41.626293,55.00005,38.42465,-1.6486644938e-08,-1.1028956948e-07,1000.000000,-2.88014788e-05
2025-04-04 10:42:41.639177,55.00005,38.42465,-1.6486644938e-08,-1.1028956948e-07,1000.000000,-2.17897167e-05
2025-04-04 10:42:41.649880,55.00005,38.42465,-1.6486644938e-08,-1.1028956948e-07,1000.000000,-2.17897167e-05
2025-04-04 10:42:41.660589,55.00005,38.42465,-1.6486644938e-08,-1.1028956948e-07,1000.000000,-2.17897167e-05
2025-04-04 10:42:41.672335,55.00005,38.65515,-4.1069987411e-09,-8.7754720823e-08,1000.000000,-2.17897167e-05
2025-04-04 10:42:41.683633,55.00005,38.65515,-4.1069987411e-09,-8.7754720823e-08,1000.000000,-1.25434387e-05
2025-04-04 10:42:41.695984,55.00005,38.65515,-4.1069987411e-09,-8.7754720823e-08,1000.000000,-1.25434387e-05
2025-04-04 10:42:41.707537,55.00005,38.65515,-1.0554313867e-08,-8.9231022571e-08,1000.000000,-1.25434387e-05
2025-04-04 10:42:41.718447,55.00005,38.94285,-1.0554313867e-08,-8.9231022571e-08,1000.000000,-1.25434387e-05
2025-04-04 10:42:41.731004,55.00005,38.94285,-1.0554313867e-08,-8.9231022571e-08,1000.000000,-2.71063269e-05
2025-04-04 10:42:41.741129,55.00005,39.0976,-5.6934355008e-09,-7.8547955695e-08,1000.000000,-2.71063269e-05
2025-04-04 10:42:41.752149,55.00005,39.0976,-5.6934355008e-09,-7.8547955695e-08,1000.000000,-2.71063269e-05
2025-04-04 10:42:41.764675,55.00005,39.0976,-5.6934355008e-09,-7.8547955695e-08,1000.000000,-2.93793716e-05
2025-04-04 10:42:41.775335,55.00005,39.2507,-8.6302760494e-09,-8.7308407615e-08,1000.000000,-2.93793716e-05
2025-04-04 10:42:41.786757,55.00005,39.2507,-8.6302760494e-09,-8.7308407615e-08,1000.000000,-2.93793716e-05
2025-04-04 10:42:41.810243,55.00005,39.2507,-8.6302760494e-09,-8.7308407615e-08,1000.000000,-3.74313399e-05
2025-04-04 10:42:42.436302,56.00005,37.488,-1.454114873e-08,-1.4170646878e-08,1000.000000,-2.61431738e-05
2025-04-04 10:42:42.425170,56.00005,37.5753,-3.5064697812e-08,-1.3993263437e-08,1000.000000,-2.61431738e-05
2025-04-04 10:42:42.413915,56.00005,37.5753,-3.5064697812e-08,-1.3993263437e-08,1000.000000,-3.31164094e-05
2025-04-04 10:42:42.402963,56.00005,37.5753,-3.5064697812e-08,-1.3993263437e-08,1000.000000,-3.31164094e-05
2025-04-04 10:42:42.391799,56.00005,37.91675,-4.5063973886e-08,-1.6794205138e-08,1000.000000,-3.31164094e-05
2025-04-04 10:42:42.380516,56.00005,37.91675,-4.5063973886e-08,-1.6794205138e-08,1000.000000,-3.31164094e-05
2025-04-04 10:42:42.369642,56.00005,37.91675,-4.5063973886e-08,-1.6794205138e-08,1000.000000,-3.31164094e-05
2025-04-04 10:42:42.358010,56.00005,37.91675,-4.5063973886e-08,-1.6794205138e-08,1000.000000,-3.31164094e-05
2025-04-04 10:42:42.345403,56.00005,37.91675,-4.5063973886e-08,-1.6794205138e-08,1000.000000,-3.26540937e-05
2025-04-04 10:42:42.335080,56.00015,38.0466,-4.2869569228e-08,-1.4628410483e-08,1000.000000,-3.26540937e-05
2025-04-04 10:42:42.322494,56.00015,38.0466,-4.2869569228e-08,-1.4628410483e-08,1000.000000,-3.26540937e-05
2025-04-04 10:42:42.311937,56.00015,38.0466,-4.2869569228e-08,-1.4628410483e-08,1000.000000,-3.23844106e-05
2025-04-04 10:42:42.300410,56.00015,38.20585,-5.4097654356e-08,-1.0757445601e-08,1000.000000,-3.23844106e-05
2025-04-04 10:42:42.288353,56.00015,38.20585,-5.4097654356e-08,-1.0757445601e-08,1000.000000,-3.23844106e-05
2025-04-04 10:42:42.275739,56.00015,38.20585,-5.4097654356e-08,-1.0757445601e-08,1000.000000,-2.25602397e-05
2025-04-04 10:42:42.264526,56.00015,38.5054,-6.9654468859e-08,-1.740074218e-08,1000.000000,-2.25602397e-05
2025-04-04 10:42:42.254047,56.00015,38.5054,-6.9654468859e-08,-1.740074218e-08,1000.000000,-2.25602397e-05
2025-04-04 10:42:42.241255,56.00015,38.5054,-6.9654468859e-08,-1.740074218e-08,1000.000000,-2.25217132e-05
2025-04-04 10:42:42.230143,56.00015,38.5054,-6.9654468859e-08,-1.740074218e-08,1000.000000,-2.25217132e-05
2025-04-04 10:42:42.219527,56.00015,38.7085,-6.2875272988e-08,-2.5614738774e-08,1000.000000,-2.25217132e-05
2025-04-04 10:42:42.209420,56.00015,38.7085,-6.2875272988e-08,-2.5614738774e-08,1000.000000,-2.25217132e-05
2025-04-04 10:42:42.197891,56.00015,38.7085,-6.2875272988e-08,-2.5614738774e-08,1000.000000,-2.25217132e-05
2025-04-04 10:42:42.186351,56.00015,38.7085,-6.2875272988e-08,-2.5614738774e-08,1000.000000,-2.12118239e-05
2025-04-04 10:42:42.174403,56.00015,38.9408,-6.0650826583e-08,-3.5718439761e-08,1000.000000,-2.12118239e-05
2025-04-04 10:42:42.163152,56.00015,38.9408,-6.0650826583e-08,-3.5718439761e-08,1000.000000,-2.12118239e-05
2025-04-04 10:42:42.151616,56.00015,38.9408,-6.0650826583e-08,-3.5718439761e-08,1000.000000,-2.39857085e-05
2025-04-04 10:42:42.140087,56.00015,38.9408,-6.0650826583e-08,-3.5718439761e-08,1000.000000,-2.39857085e-05
2025-04-04 10:42:42.128409,56.00015,39.28755,-4.5212747324e-08,-3.2120706095e-08,1000.000000,-2.39857085e-05
2025-04-04 10:42:42.117904,56.00015,39.28755,-4.5212747324e-08,-3.2120706095e-08,1000.000000,-2.39857085e-05
2025-04-04 10:42:42.105816,56.00015,39.28755,-4.5212747324e-08,-3.2120706095e-08,1000.000000,-2.39857085e-05
2025-04-04 10:42:42.094615,56.00015,39.28755,-4.5212747324e-08,-3.2120706095e-08,1000.000000,-2.69522232e-05
2025-04-04 10:42:42.082150,56.00015,39.28755,-4.5212747324e-08,-3.2120706095e-08,1000.000000,-2.69522232e-05
2025-04-04 10:42:42.071813,56.00015,39.28755,-4.5212747324e-08,-3.2120706095e-08,1000.000000,-2.69522232e-05
2025-04-04 10:42:42.059747,55.9999,39.44895,-3.5598279879e-08,-3.222083933e-08,1000.000000,-2.69522232e-05
2025-04-04 10:42:42.047782,55.9999,39.44895,-3.5598279879e-08,-3.222083933e-08,1000.000000,-1.92084647e-05
2025-04-04 10:42:42.036553,55.9999,39.44895,-3.5598279879e-08,-3.222083933e-08,1000.000000,-1.92084647e-05
2025-04-04 10:42:41.991760,55.9947,39.49985,-3.8254736268e-08,-4.1497706604e-08,1000.000000,-2.32922362e-05
2025-04-04 10:42:41.980512,55.9947,39.49985,-3.8254736268e-08,-4.1497706604e-08,1000.000000,-2.37545518e-05
2025-04-04 10:42:41.970312,55.9947,39.49985,-3.8254736268e-08,-4.1497706604e-08,1000.000000,-2.37545518e-05
2025-04-04 10:42:41.957727,55.9947,39.49965,-3.2152176033e-08,-5.6512355684e-08,1000.000000,-2.37545518e-05
2025-04-04 10:42:41.946158,55.9947,39.49965,-3.2152176033e-08,-5.6512355684e-08,1000.000000,-2.37545518e-05
2025-04-04 10:42:41.935052,55.9947,39.49965,-3.2152176033e-08,-5.6512355684e-08,1000.000000,-2.13274034e-05
2025-04-04 10:42:41.923015,0.0,39.4999,-2.9605866203e-08,-6.1888215441e-08,1000.000000,-2.13274034e-05
2025-04-04 10:42:41.912789,0.0,39.4999,-2.9605866203e-08,-6.1888215441e-08,1000.000000,-2.13274034e-05
2025-04-04 10:42:41.900222,0.0,39.4999,-2.9605866203e-08,-6.1888215441e-08,1000.000000,-2.66825401e-05
2025-04-04 10:42:42.522437,0.0,37.5009,-1.8958568049e-08,6.1826708198e-09,1000.000000,-2.4871811e-05
2025-04-04 10:42:42.533546,0.0,37.5009,-1.8958568049e-08,6.1826708198e-09,1000.000000,-2.23676095e-05
2025-04-04 10:42:42.545076,56.9987,37.50025,-1.1959075952e-09,1.7412185471e-08,1000.000000,-2.23676095e-05
2025-04-04 10:42:42.555598,56.9987,37.50025,-1.1959075952e-09,1.7412185471e-08,1000.000000,-2.23676095e-05
2025-04-04 10:42:42.567884,56.9987,37.50025,-1.1959075952e-09,1.7412185471e-08,1000.000000,-2.44094953e-05
2025-04-04 10:42:42.578913,56.9987,37.50025,7.441521177e-09,2.0354748997e-08,1000.000000,-2.44094953e-05
2025-04-04 10:42:42.590042,56.99685,37.50035,7.441521177e-09,2.0354748997e-08,1000.000000,-2.44094953e-05
2025-04-04 10:42:42.601585,56.99685,37.50035,7.441521177e-09,2.0354748997e-08,1000.000000,-2.66440136e-05
2025-04-04 10:42:42.613097,56.99685,37.50025,1.3031959956e-09,1.4502525403e-08,1000.000000,-2.66440136e-05
2025-04-04 10:42:42.623917,56.99685,37.50025,1.3031959956e-09,1.4502525403e-08,1000.000000,-2.66440136e-05
2025-04-04 10:42:42.635569,56.99685,37.50025,1.3031959956e-09,1.4502525403e-08,1000.000000,-2.00175141e-05
2025-04-04 10:42:42.647078,56.99995,37.5122,1.4548301452e-09,1.6987325324e-08,1000.000000,-2.00175141e-05
2025-04-04 10:42:42.657605,56.99995,37.5122,1.4548301452e-09,1.6987325324e-08,1000.000000,-2.00175141e-05
2025-04-04 10:42:42.669619,56.99995,37.5122,1.4548301452e-09,1.6987325324e-08,1000.000000,-1.79371019e-05
2025-04-04 10:42:42.680660,56.99995,37.67945,4.1041374743e-09,9.8204608889e-09,1000.000000,-1.79371019e-05
2025-04-04 10:42:42.691992,56.99995,37.67945,4.1041374743e-09,9.8204608889e-09,1000.000000,-1.79371019e-05
2025-04-04 10:42:42.703203,56.99995,37.67945,4.1041374743e-09,9.8204608889e-09,1000.000000,-1.94396213e-05
2025-04-04 10:42:42.714734,56.99995,37.67945,1.5967369649e-08,4.1155816533e-09,1000.000000,-1.94396213e-05
2025-04-04 10:42:42.725807,56.99995,37.88175,1.5967369649e-08,4.1155816533e-09,1000.000000,-1.94396213e-05
2025-04-04 10:42:42.737037,56.99995,37.88175,1.5967369649e-08,4.1155816533e-09,1000.000000,-2.20208734e-05
2025-04-04 10:42:42.747785,56.99995,37.88175,2.1557807983e-08,-9.0394021157e-09,1000.000000,-2.20208734e-05
2025-04-04 10:42:42.759841,56.99995,38.07455,2.1557807983e-08,-9.0394021157e-09,1000.000000,-2.20208734e-05
2025-04-04 10:42:42.770541,56.99995,38.07455,2.1557807983e-08,-9.0394021157e-09,1000.000000,-1.26975424e-05
2025-04-04 10:42:42.787937,56.99995,38.07455,2.1557807983e-08,-9.0394021157e-09,1000.000000,-1.26975424e-05
2025-04-04 10:42:42.806281,56.99995,38.07455,2.1557807983e-08,-9.0394021157e-09,1000.000000,-1.26975424e-05
2025-04-04 10:42:42.816973,56.99995,38.19575,3.0249594829e-08,7.1825980719e-09,1000.000000,-1.26975424e-05
2025-04-04 10:42:42.828554,56.99995,38.19575,3.0249594829e-08,7.1825980719e-09,1000.000000,-1.85920453e-05
2025-04-04 10:42:42.838655,56.99995,38.19575,3.0249594829e-08,7.1825980719e-09,1000.000000,-1.85920453e-05
2025-04-04 10:42:42.850345,57.0001,38.52615,5.3110600362e-08,8.4400184619e-09,1000.000000,-1.85920453e-05
2025-04-04 10:42:42.861892,57.0001,38.52615,5.3110600362e-08,8.4400184619e-09,1000.000000,-2.25987662e-05
2025-04-04 10:42:42.872362,57.0001,38.52615,5.3110600362e-08,8.4400184619e-09,1000.000000,-2.25987662e-05
2025-04-04 10:42:42.883700,57.0001,38.6735,5.4246427794e-08,-1.7734050672e-08,1000.000000,-2.25987662e-05
2025-04-04 10:42:42.896240,57.0001,38.6735,5.4246427794e-08,-1.7734050672e-08,1000.000000,-2.17126637e-05
2025-04-04 10:42:42.907354,57.0001,38.6735,5.4246427794e-08,-1.7734050672e-08,1000.000000,-2.17126637e-05
2025-04-04 10:42:42.919481,57.0001,38.8771,5.7548046328e-08,-3.4582615882e-08,1000.000000,-2.17126637e-05
2025-04-04 10:42:42.930340,57.0001,38.8771,5.7548046328e-08,-3.4582615882e-08,1000.000000,-2.17126637e-05
2025-04-04 10:42:42.941027,57.0001,38.8771,5.7548046328e-08,-3.4582615882e-08,1000.000000,-2.17897167e-05
2025-04-04 10:42:42.952392,57.0001,39.0245,5.4728509724e-08,-3.6807062287e-08,1000.000000,-2.17897167e-05
2025-04-04 10:42:42.964765,57.0001,39.0245,5.4728509724e-08,-3.6807062287e-08,1000.000000,-2.17897167e-05
2025-04-04 10:42:42.976347,57.0001,39.0245,5.4728509724e-08,-3.6807062287e-08,1000.000000,-1.82838357e-05
2025-04-04 10:42:42.987574,57.0001,39.0245,5.4728509724e-08,-3.6807062287e-08,1000.000000,-1.82838357e-05
2025-04-04 10:42:42.998963,57.0001,39.25005,4.9040796313e-08,-3.5405161469e-08,1000.000000,-1.82838357e-05
2025-04-04 10:42:43.010508,57.0001,39.25005,4.9040796313e-08,-3.5405161469e-08,1000.000000,-1.82838357e-05
2025-04-04 10:42:43.023655,57.0001,39.25005,4.9040796313e-08,-3.5405161469e-08,1000.000000,-2.20979264e-05
2025-04-04 10:42:43.629082,58.00005,37.6161,7.4747084966e-08,2.7937888447e-08,1000.000000,-1.76674187e-05
2025-04-04 10:42:43.618001,58.00005,37.7339,6.6318513348e-08,3.8632393284e-08,1000.000000,-1.76674187e-05
2025-04-04 10:42:43.607208,58.00005,37.7339,6.6318513348e-08,3.8632393284e-08,1000.000000,-1.75133127e-05
2025-04-04 10:42:43.595675,58.00005,37.7339,6.6318513348e-08,3.8632393284e-08,1000.000000,-1.75133127e-05
2025-04-04 10:42:43.585160,58.0,38.03995,6.5800669802e-08,3.2855989929e-08,1000.000000,-1.75133127e-05
2025-04-04 10:42:43.573495,58.0,38.03995,6.5800669802e-08,3.2855989929e-08,1000.000000,-1.75133127e-05
2025-04-04 10:42:43.560449,58.0,38.03995,6.5800669802e-08,3.2855989929e-08,1000.000000,-2.14815071e-05
2025-04-04 10:42:43.549790,58.0,38.03995,6.5800669802e-08,3.2855989929e-08,1000.000000,-2.14815071e-05
2025-04-04 10:42:43.538249,58.0,38.26375,7.654380596e-08,1.5915871288e-08,1000.000000,-2.14815071e-05
2025-04-04 10:42:43.525332,58.0,38.26375,7.654380596e-08,1.5915871288e-08,1000.000000,-2.14815071e-05
2025-04-04 10:42:43.513416,58.0,38.26375,7.654380596e-08,1.5915871288e-08,1000.000000,-2.14815071e-05
2025-04-04 10:42:43.502667,58.0,38.26375,7.654380596e-08,1.5915871288e-08,1000.000000,-1.3776275e-05
2025-04-04 10:42:43.491139,58.0,38.37325,6.6846368441e-08,1.1249542631e-08,1000.000000,-1.3776275e-05
2025-04-04 10:42:43.479657,58.0,38.37325,6.6846368441e-08,1.1249542631e-08,1000.000000,-1.3776275e-05
2025-04-04 10:42:43.469183,58.0,38.37325,6.6846368441e-08,1.1249542631e-08,1000.000000,-1.90543587e-05
2025-04-04 10:42:43.457236,58.0,38.60555,6.5341474453e-08,1.3774395846e-08,1000.000000,-1.90543587e-05
2025-04-04 10:42:43.446298,58.0,38.60555,6.5341474453e-08,1.3774395846e-08,1000.000000,-2.04798274e-05
2025-04-04 10:42:43.435605,58.0,38.60555,6.5341474453e-08,1.3774395846e-08,1000.000000,-2.04798274e-05
2025-04-04 10:42:43.424597,58.0,38.82225,6.5059666099e-08,3.6478040588e-09,1000.000000,-2.04798274e-05
2025-04-04 10:42:43.413562,58.0,38.82225,6.5059666099e-08,3.6478040588e-09,1000.000000,-2.04798274e-05
2025-04-04 10:42:43.402711,58.0,38.82225,6.5059666099e-08,3.6478040588e-09,1000.000000,-2.2329083e-05
2025-04-04 10:42:43.392271,58.0,38.9162,6.205129921e-08,-4.4116972298e-09,1000.000000,-2.2329083e-05
2025-04-04 10:42:43.381009,58.0,38.9162,6.205129921e-08,-4.4116972298e-09,1000.000000,-2.2329083e-05
2025-04-04 10:42:43.370496,58.0,38.9162,6.205129921e-08,-4.4116972298e-09,1000.000000,-1.53173221e-05
2025-04-04 10:42:43.358711,58.0,39.07955,8.4661962774e-08,-1.0717392307e-08,1000.000000,-1.53173221e-05
2025-04-04 10:42:43.347650,58.0,39.07955,8.4661962774e-08,-1.0717392307e-08,1000.000000,-1.53173221e-05
2025-04-04 10:42:43.337144,58.0,39.07955,8.4661962774e-08,-1.0717392307e-08,1000.000000,-1.63575271e-05
2025-04-04 10:42:43.326207,57.99955,39.2666,7.2916030547e-08,-1.7975807509e-08,1000.000000,-1.63575271e-05
2025-04-04 10:42:43.315826,57.99955,39.2666,7.2916030547e-08,-1.7975807509e-08,1000.000000,-1.63575271e-05
2025-04-04 10:42:43.303740,57.99955,39.2666,7.2916030547e-08,-1.7975807509e-08,1000.000000,-3.72094691e-06
2025-04-04 10:42:43.293052,57.99955,39.41175,7.2916030547e-08,-1.7975807509e-08,1000.000000,-3.72094691e-06
2025-04-04 10:42:43.281312,57.99955,39.41175,6.7524432268e-08,-2.2692205448e-08,1000.000000,-3.72094691e-06
2025-04-04 10:42:43.270614,57.99955,39.41175,6.7524432268e-08,-2.2692205448e-08,1000.000000,-1.57411101e-05
2025-04-04 10:42:43.260326,57.99955,39.41175,6.7524432268e-08,-2.2692205448e-08,1000.000000,-1.57411101e-05
2025-04-04 10:42:43.248499,57.99795,39.49995,7.0662977691e-08,-2.3102760593e-08,1000.000000,-1.57411101e-05
2025-04-04 10:42:43.238178,57.99795,39.49995,7.0662977691e-08,-2.3102760593e-08,1000.000000,-1.57411101e-05
2025-04-04 10:42:43.226468,57.99795,39.49995,7.0662977691e-08,-2.3102760593e-08,1000.000000,-1.69739464e-05
2025-04-04 10:42:43.215309,57.99795,39.5,7.213497355e-08,-2.5377273616e-09,1000.000000,-1.69739464e-05
2025-04-04 10:42:43.204759,57.99795,39.5,7.213497355e-08,-2.5377273616e-09,1000.000000,-1.69739464e-05
2025-04-04 10:42:43.193382,57.99795,39.5,7.213497355e-08,-2.5377273616e-09,1000.000000,-1.69739464e-05
2025-04-04 10:42:43.181917,57.99795,39.5,7.213497355e-08,-2.5377273616e-09,1000.000000,-2.50644411e-05
2025-04-04 10:42:43.171485,0.0,39.5,7.8248973523e-08,-1.529645921e-08,1000.000000,-2.50644411e-05
2025-04-04 10:42:43.159206,0.0,39.5,7.8248973523e-08,-1.529645921e-08,1000.000000,-2.50644411e-05
2025-04-04 10:42:43.148453,0.0,39.5,7.8248973523e-08,-1.529645921e-08,1000.000000,-2.19052962e-05
2025-04-04 10:42:43.137260,0.0,39.5,7.8248973523e-08,-1.529645921e-08,1000.000000,-2.19052962e-05
2025-04-04 10:42:43.125622,0.0,39.5,7.8248973523e-08,-1.529645921e-08,1000.000000,-2.19052962e-05
2025-04-04 10:42:43.114264,0.0,39.49995,6.6759106687e-08,-2.6892186256e-08,1000.000000,-2.19052962e-05
2025-04-04 10:42:43.722133,0.0,37.50065,7.7439310076e-08,4.0938378021e-08,1000.000000,-2.91096885e-05
2025-04-04 10:42:43.733723,0.0,37.50065,7.7439310076e-08,4.0938378021e-08,1000.000000,-2.91096885e-05
2025-04-04 10:42:43.744771,0.0,37.50065,7.7439310076e-08,4.0938378021e-08,1000.000000,-2.91096885e-05
2025-04-04 10:42:43.756119,58.99865,37.5006,6.4191340243e-08,3.473138932e-08,1000.000000,-2.91096885e-05
2025-04-04 10:42:43.768687,58.99865,37.5006,6.4191340243e-08,3.473138932e-08,1000.000000,-2.07495106e-05
2025-04-04 10:42:43.779286,58.99865,37.5006,6.4191340243e-08,3.473138932e-08,1000.000000,-2.07495106e-05
2025-04-04 10:42:43.789767,58.99865,37.5004,5.3638459008e-08,3.6194801822e-08,1000.000000,-2.07495106e-05
2025-04-04 10:42:43.803176,58.99865,37.5004,5.3638459008e-08,3.6194801822e-08,1000.000000,-2.57964376e-05
2025-04-04 10:42:43.814346,58.99865,37.5004,5.3638459008e-08,3.6194801822e-08,1000.000000,-2.57964376e-05
2025-04-04 10:42:43.824578,58.99865,37.5004,7.7313423219e-08,1.1238098452e-08,1000.000000,-2.57964376e-05
2025-04-04 10:42:43.836166,58.9992,37.5305,7.7313423219e-08,1.1238098452e-08,1000.000000,-2.57964376e-05
2025-04-04 10:42:43.847561,58.9992,37.5305,7.7313423219e-08,1.1238098452e-08,1000.000000,-1.87846755e-05
2025-04-04 10:42:43.858940,58.99955,37.6746,7.4502466418e-08,-1.3489723782e-09,1000.000000,-1.87846755e-05
2025-04-04 10:42:43.871161,58.99955,37.6746,7.4502466418e-08,-1.3489723782e-09,1000.000000,-1.87846755e-05
2025-04-04 10:42:43.884600,58.99955,37.6746,7.4502466418e-08,-1.3489723782e-09,1000.000000,-2.08650901e-05
2025-04-04 10:42:43.895351,58.99955,37.6746,7.4502466418e-08,-1.3489723782e-09,1000.000000,-2.08650901e-05
2025-04-04 10:42:43.907821,58.99955,37.9292,8.4012512502e-08,-4.5948027605e-09,1000.000000,-2.08650901e-05
2025-04-04 10:42:43.918872,58.99955,37.9292,8.4012512502e-08,-4.5948027605e-09,1000.000000,-2.08650901e-05
2025-04-04 10:42:43.929563,58.99955,37.9292,8.4012512502e-08,-4.5948027605e-09,1000.000000,-2.93408451e-05
2025-04-04 10:42:43.941137,58.99955,38.0845,8.8605879967e-08,1.9497872206e-09,1000.000000,-2.93408451e-05
2025-04-04 10:42:43.951787,58.99955,38.0845,8.8605879967e-08,1.9497872206e-09,1000.000000,-1.69354199e-05
2025-04-04 10:42:43.963318,58.99955,38.0845,8.8605879967e-08,1.9497872206e-09,1000.000000,-1.69354199e-05
2025-04-04 10:42:43.975411,58.99955,38.17615,8.399534579e-08,4.9824713244e-09,1000.000000,-1.69354199e-05
2025-04-04 10:42:43.987071,58.99955,38.17615,8.399534579e-08,4.9824713244e-09,1000.000000,-2.57193846e-05
2025-04-04 10:42:43.998002,58.99955,38.17615,8.399534579e-08,4.9824713244e-09,1000.000000,-2.57193846e-05
2025-04-04 10:42:44.008882,58.99955,38.3377,8.3935255191e-08,2.0602225703e-08,1000.000000,-2.57193846e-05
2025-04-04 10:42:44.019720,58.99955,38.3377,8.3935255191e-08,2.0602225703e-08,1000.000000,-2.55652809e-05
2025-04-04 10:42:44.032877,58.99955,38.3377,8.3935255191e-08,2.0602225703e-08,1000.000000,-2.55652809e-05
2025-04-04 10:42:44.043421,58.99955,38.3377,7.3669909284e-08,2.1889686508e-08,1000.000000,-2.55652809e-05
2025-04-04 10:42:44.055119,58.99955,38.61165,7.3669909284e-08,2.1889686508e-08,1000.000000,-2.55652809e-05
2025-04-04 10:42:44.066968,58.99955,38.61165,7.3669909284e-08,2.1889686508e-08,1000.000000,-2.55652809e-05
2025-04-04 10:42:44.079700,58.99955,38.61165,7.3669909284e-08,2.1889686508e-08,1000.000000,-2.24831867e-05
2025-04-04 10:42:44.090418,59.00005,38.8417,6.4367299046e-08,2.9348374397e-08,1000.000000,-2.24831867e-05
2025-04-04 10:42:44.102369,59.00005,38.8417,6.4367299046e-08,2.9348374397e-08,1000.000000,-2.24831867e-05
2025-04-04 10:42:44.112885,59.00005,38.8417,6.4367299046e-08,2.9348374397e-08,1000.000000,-2.24831867e-05
2025-04-04 10:42:44.125524,59.00005,38.8417,6.4367299046e-08,2.9348374397e-08,1000.000000,-2.46791785e-05
2025-04-04 10:42:44.137556,59.00005,38.8417,6.4367299046e-08,2.9348374397e-08,1000.000000,-2.46791785e-05
2025-04-04 10:42:44.148099,59.00005,38.8417,5.6488037359e-08,3.4471035804e-08,1000.000000,-2.46791785e-05
2025-04-04 10:42:44.161865,59.00005,39.1053,5.6488037359e-08,3.4471035804e-08,1000.000000,-2.46791785e-05
2025-04-04 10:42:44.172476,59.00005,39.1053,5.6488037359e-08,3.4471035804e-08,1000.000000,-2.45250748e-05
2025-04-04 10:42:44.184016,59.00005,39.26525,6.6960808454e-08,4.3230055979e-08,1000.000000,-2.45250748e-05
2025-04-04 10:42:44.195552,59.00005,39.26525,6.6960808454e-08,4.3230055979e-08,1000.000000,-2.45250748e-05
2025-04-04 10:42:44.207767,59.00005,39.26525,6.6960808454e-08,4.3230055979e-08,1000.000000,-1.78600489e-05
2025-04-04 10:42:44.808650,60.0001,37.7617,5.4772854696e-08,6.0971260041e-08,1000.000000,-3.10745213e-05
2025-04-04 10:42:44.797867,60.0001,37.7617,5.4772854696e-08,6.0971260041e-08,1000.000000,-3.10745213e-05
2025-04-04 10:42:44.787333,60.0001,37.7617,5.4772854696e-08,6.0971260041e-08,1000.000000,-2.72989571e-05
2025-04-04 10:42:44.776203,60.0001,37.7617,5.4772854696e-08,6.0971260041e-08,1000.000000,-2.72989571e-05
2025-04-04 10:42:44.764700,60.0001,37.88715,4.2248725407e-08,7.0346835912e-08,1000.000000,-2.72989571e-05
2025-04-04 10:42:44.753535,60.0001,37.88715,4.2248725407e-08,7.0346835912e-08,1000.000000,-2.72989571e-05
2025-04-04 10:42:44.742097,60.0001,37.88715,4.2248725407e-08,7.0346835912e-08,1000.000000,-2.69522232e-05
2025-04-04 10:42:44.731497,60.0001,38.1771,4.4916628639e-08,7.6127527393e-08,1000.000000,-2.69522232e-05
2025-04-04 10:42:44.719546,60.0001,38.1771,4.4916628639e-08,7.6127527393e-08,1000.000000,-2.69522232e-05
2025-04-04 10:42:44.708782,60.0001,38.1771,4.4916628639e-08,7.6127527393e-08,1000.000000,-2.69522232e-05
2025-04-04 10:42:44.696958,60.0001,38.1771,4.4916628639e-08,7.6127527393e-08,1000.000000,-3.23458864e-05
2025-04-04 10:42:44.686189,60.0001,38.30655,4.8211099113e-08,8.9608668929e-08,1000.000000,-3.23458864e-05
2025-04-04 10:42:44.675014,60.0001,38.30655,4.8211099113e-08,8.9608668929e-08,1000.000000,-3.23458864e-05
2025-04-04 10:42:44.663974,60.0001,38.30655,4.8211099113e-08,8.9608668929e-08,1000.000000,-2.86858993e-05
2025-04-04 10:42:44.652460,60.0001,38.45775,4.8211099113e-08,8.9608668929e-08,1000.000000,-2.86858993e-05
2025-04-04 10:42:44.640997,60.0001,38.45775,6.694221355e-08,8.2559111547e-08,1000.000000,-2.86858993e-05
2025-04-04 10:42:44.628756,60.0001,38.45775,6.694221355e-08,8.2559111547e-08,1000.000000,-2.50259146e-05
2025-04-04 10:42:44.617449,59.99975,38.59745,8.8150983402e-08,8.2800873713e-08,1000.000000,-2.50259146e-05
2025-04-04 10:42:44.605949,59.99975,38.59745,8.8150983402e-08,8.2800873713e-08,1000.000000,-2.50259146e-05
2025-04-04 10:42:44.593378,59.99975,38.59745,8.8150983402e-08,8.2800873713e-08,1000.000000,-2.33692892e-05
2025-04-04 10:42:44.582210,59.99975,38.83965,8.4885122931e-08,6.3501836678e-08,1000.000000,-2.33692892e-05
2025-04-04 10:42:44.571519,59.99975,38.83965,8.4885122931e-08,6.3501836678e-08,1000.000000,-2.33692892e-05
2025-04-04 10:42:44.560840,59.99975,38.83965,8.4885122931e-08,6.3501836678e-08,1000.000000,-2.33692892e-05
2025-04-04 10:42:44.547708,59.99975,38.83965,8.4885122931e-08,6.3501836678e-08,1000.000000,-2.38316025e-05
2025-04-04 10:42:44.536272,59.99975,39.0082,7.3021887204e-08,5.1881791308e-08,1000.000000,-2.38316025e-05
2025-04-04 10:42:44.524968,59.99975,39.0082,7.3021887204e-08,5.1881791308e-08,1000.000000,-2.38316025e-05
2025-04-04 10:42:44.514413,59.99975,39.0082,7.3021887204e-08,5.1881791308e-08,1000.000000,-1.8900255e-05
2025-04-04 10:42:44.502889,59.99975,39.2687,7.5186250115e-08,4.1506289961e-08,1000.000000,-1.8900255e-05
2025-04-04 10:42:44.490392,59.99975,39.2687,7.5186250115e-08,4.1506289961e-08,1000.000000,-1.8900255e-05
2025-04-04 10:42:44.471660,59.99975,39.2687,7.5186250115e-08,4.1506289961e-08,1000.000000,-1.91699382e-05
2025-04-04 10:42:44.460847,59.99975,39.4731,8.8571546542e-08,2.7168272965e-08,1000.000000,-1.91699382e-05
2025-04-04 10:42:44.448384,59.99975,39.4731,8.8571546542e-08,2.7168272965e-08,1000.000000,-1.91699382e-05
2025-04-04 10:42:44.437019,59.99975,39.4731,8.8571546542e-08,2.7168272965e-08,1000.000000,-2.2329083e-05
2025-04-04 10:42:44.391182,59.9981,39.49995,9.2120650663e-08,2.6304245893e-08,1000.000000,-2.94564223e-05
2025-04-04 10:42:44.380932,59.9981,39.49995,9.2120650663e-08,2.6304245893e-08,1000.000000,-2.94564223e-05
2025-04-04 10:42:44.368465,59.9981,39.49995,9.2120650663e-08,2.6304245893e-08,1000.000000,-3.14983104e-05
2025-04-04 10:42:44.357172,59.99705,39.49995,8.8923457042e-08,4.6557428135e-08,1000.000000,-3.14983104e-05
2025-04-04 10:42:44.345643,59.99705,39.49995,8.8923457042e-08,4.6557428135e-08,1000.000000,-3.14983104e-05
2025-04-04 10:42:44.335129,59.99705,39.49995,8.8923457042e-08,4.6557428135e-08,1000.000000,-2.20208734e-05
2025-04-04 10:42:44.908616,60.1634,37.50075,5.4315091091e-08,4.3026926022e-08,1000.000000,-2.63358039e-05
2025-04-04 10:42:44.920525,60.1634,37.50075,5.4315091091e-08,4.3026926022e-08,1000.000000,-2.63358039e-05
2025-04-04 10:42:44.931230,60.9976,37.50075,5.4450989495e-08,4.9432756555e-08,1000.000000,-2.63358039e-05
2025-04-04 10:42:44.943227,60.9976,37.50075,5.4450989495e-08,4.9432756555e-08,1000.000000,-3.21532539e-05
2025-04-04 10:42:44.954716,60.9976,37.50075,5.4450989495e-08,4.9432756555e-08,1000.000000,-3.21532539e-05
2025-04-04 10:42:44.964893,60.9976,37.50035,3.5040379487e-08,6.4990999249e-08,1000.000000,-3.21532539e-05
2025-04-04 10:42:44.976042,60.9976,37.50035,3.5040379487e-08,6.4990999249e-08,1000.000000,-2.32151855e-05
2025-04-04 10:42:44.986660,60.9976,37.50035,3.5040379487e-08,6.4990999249e-08,1000.000000,-2.32151855e-05
2025-04-04 10:42:44.997688,60.9976,37.50025,2.6887894577e-08,7.9180239254e-08,1000.000000,-2.32151855e-05
2025-04-04 10:42:45.008407,60.9976,37.50025,2.6887894577e-08,7.9180239254e-08,1000.000000,-2.32151855e-05
2025-04-04 10:42:45.019384,60.9976,37.50025,2.6887894577e-08,7.9180239254e-08,1000.000000,-2.95720018e-05
2025-04-04 10:42:45.029912,60.9976,37.50025,2.6887894577e-08,7.9180239254e-08,1000.000000,-2.95720018e-05
2025-04-04 10:42:45.040636,60.9996,37.5483,-2.2602082428e-09,8.9820389348e-08,1000.000000,-2.95720018e-05
2025-04-04 10:42:45.051688,60.9996,37.5483,-2.2602082428e-09,8.9820389348e-08,1000.000000,-2.60275943e-05
2025-04-04 10:42:45.062598,60.9996,37.5483,-2.2602082428e-09,8.9820389348e-08,1000.000000,-2.60275943e-05
2025-04-04 10:42:45.073338,60.9996,37.74505,-2.7434349903e-08,1.0642719417e-07,1000.000000,-2.60275943e-05
2025-04-04 10:42:45.084110,60.9996,37.74505,-2.7434349903e-08,1.0642719417e-07,1000.000000,-2.60275943e-05
2025-04-04 10:42:45.095636,60.9996,37.74505,-2.7434349903e-08,1.0642719417e-07,1000.000000,-2.60275943e-05
2025-04-04 10:42:45.105986,60.9996,37.74505,-2.7434349903e-08,1.0642719417e-07,1000.000000,-2.00560406e-05
2025-04-04 10:42:45.118032,60.9996,37.74505,-2.7434349903e-08,1.0642719417e-07,1000.000000,-2.00560406e-05
2025-04-04 10:42:45.129033,61.00005,37.95255,-3.0521395189e-08,1.0185814148e-07,1000.000000,-2.00560406e-05
2025-04-04 10:42:45.139694,61.00005,37.95255,-3.0521395189e-08,1.0185814148e-07,1000.000000,-2.00560406e-05
2025-04-04 10:42:45.150715,61.00005,37.95255,-3.0521395189e-08,1.0185814148e-07,1000.000000,-2.00560406e-05
2025-04-04 10:42:45.162036,61.00005,37.95255,-3.0521395189e-08,1.0185814148e-07,1000.000000,-2.66825401e-05
2025-04-04 10:42:45.172522,61.00005,37.95255,-3.0521395189e-08,1.0185814148e-07,1000.000000,-2.66825401e-05
2025-04-04 10:42:45.183729,61.00005,38.3234,-2.7578831663e-08,9.5930097643e-08,1000.000000,-2.66825401e-05
2025-04-04 10:42:45.194260,61.00005,38.3234,-2.7578831663e-08,9.5930097643e-08,1000.000000,-2.66054871e-05
2025-04-04 10:42:45.204908,61.00005,38.3234,-2.7578831663e-08,9.5930097643e-08,1000.000000,-2.66054871e-05
2025-04-04 10:42:45.216438,61.00005,38.44515,-1.6323566498e-08,9.2383864114e-08,1000.000000,-2.66054871e-05
2025-04-04 10:42:45.227038,61.00005,38.44515,-1.6323566498e-08,9.2383864114e-08,1000.000000,-2.66054871e-05
2025-04-04 10:42:45.238557,61.00005,38.44515,-1.6323566498e-08,9.2383864114e-08,1000.000000,-2.56038074e-05
2025-04-04 10:42:45.250644,61.00005,38.44515,-1.6323566498e-08,9.2383864114e-08,1000.000000,-2.56038074e-05
2025-04-04 10:42:45.262190,61.00005,38.6249,-2.0866870898e-08,8.8378428131e-08,1000.000000,-2.56038074e-05
2025-04-04 10:42:45.273273,61.00005,38.6249,-2.0866870898e-08,8.8378428131e-08,1000.000000,-2.61817003e-05
2025-04-04 10:42:45.284717,61.00005,38.6249,-2.0866870898e-08,8.8378428131e-08,1000.000000,-2.61817003e-05
2025-04-04 10:42:45.295486,61.00005,38.75215,-4.2178630366e-08,8.4892278096e-08,1000.000000,-2.61817003e-05
2025-04-04 10:42:45.306882,61.00005,38.75215,-4.2178630366e-08,8.4892278096e-08,1000.000000,-3.54665048e-05
2025-04-04 10:42:45.318214,61.00005,38.75215,-4.2178630366e-08,8.4892278096e-08,1000.000000,-3.54665048e-05
2025-04-04 10:42:45.329293,61.00005,38.93475,-6.5548896089e-08,7.8427788708e-08,1000.000000,-3.54665048e-05
2025-04-04 10:42:45.340224,61.00005,38.93475,-6.5548896089e-08,7.8427788708e-08,1000.000000,-3.16138876e-05
2025-04-04 10:42:45.350822,61.00005,38.93475,-6.5548896089e-08,7.8427788708e-08,1000.000000,-3.16138876e-05
2025-04-04 10:42:45.361837,61.00005,39.15875,-5.5336474958e-08,8.0736640484e-08,1000.000000,-3.16138876e-05
2025-04-04 10:42:45.372350,61.00005,39.15875,-5.5336474958e-08,8.0736640484e-08,1000.000000,-3.06892609e-05
2025-04-04 10:42:45.383566,61.00005,39.15875,-5.5336474958e-08,8.0736640484e-08,1000.000000,-3.06892609e-05
2025-04-04 10:42:45.394130,61.00005,39.30885,-3.549241967e-08,8.5875036859e-08,1000.000000,-3.06892609e-05
2025-04-04 10:42:45.404838,61.00005,39.30885,-3.549241967e-08,8.5875036859e-08,1000.000000,-2.77227462e-05
2025-04-04 10:42:45.418390,61.00005,39.30885,-3.549241967e-08,8.5875036859e-08,1000.000000,-2.77227462e-05
2025-04-04 10:42:46.022540,62.00005,37.64595,-4.5347213984e-08,8.3041186372e-08,1000.000000,-2.78768499e-05
2025-04-04 10:42:46.011011,62.00005,37.64595,-4.5347213984e-08,8.3041186372e-08,1000.000000,-2.98031585e-05
2025-04-04 10:42:45.998917,62.00005,37.9293,-4.1460513245e-08,1.1633491681e-07,1000.000000,-2.98031585e-05
2025-04-04 10:42:45.988388,62.00005,37.9293,-4.1460513245e-08,1.1633491681e-07,1000.000000,-2.98031585e-05
2025-04-04 10:42:45.976395,62.00005,37.9293,-4.1460513245e-08,1.1633491681e-07,1000.000000,-2.66440136e-05
2025-04-04 10:42:45.965687,62.00005,37.9293,-4.1460513245e-08,1.1633491681e-07,1000.000000,-2.66440136e-05
2025-04-04 10:42:45.954159,62.00005,38.09325,-4.0570739657e-08,1.2809800864e-07,1000.000000,-2.66440136e-05
2025-04-04 10:42:45.943125,62.00005,38.09325,-4.0570739657e-08,1.2809800864e-07,1000.000000,-2.66440136e-05
2025-04-04 10:42:45.931703,62.00005,38.09325,-4.0570739657e-08,1.2809800864e-07,1000.000000,-2.30610795e-05
2025-04-04 10:42:45.920535,62.00005,38.2165,-4.0161609149e-08,1.0938405381e-07,1000.000000,-2.30610795e-05
2025-04-04 10:42:45.910004,62.00005,38.2165,-4.0161609149e-08,1.0938405381e-07,1000.000000,-2.30610795e-05
2025-04-04 10:42:45.898255,62.00005,38.2165,-4.0161609149e-08,1.0938405381e-07,1000.000000,-2.43709688e-05
2025-04-04 10:42:45.887424,61.9998,38.3794,-3.7098885741e-08,9.3709942917e-08,1000.000000,-2.43709688e-05
2025-04-04 10:42:45.875674,61.9998,38.3794,-3.7098885741e-08,9.3709942917e-08,1000.000000,-2.43709688e-05
2025-04-04 10:42:45.864009,61.9998,38.3794,-3.7098885741e-08,9.3709942917e-08,1000.000000,-1.71280524e-05
2025-04-04 10:42:45.853077,61.9998,38.60795,-1.8343449426e-08,8.619260683e-08,1000.000000,-1.71280524e-05
2025-04-04 10:42:45.841104,61.9998,38.60795,-1.8343449426e-08,8.619260683e-08,1000.000000,-1.71280524e-05
2025-04-04 10:42:45.830237,61.9998,38.60795,-1.8343449426e-08,8.619260683e-08,1000.000000,-1.71280524e-05
2025-04-04 10:42:45.818701,61.9998,38.60795,-1.8343449426e-08,8.619260683e-08,1000.000000,-2.79539029e-05
2025-04-04 10:42:45.806801,61.9998,38.85985,-1.5330790859e-08,8.7098122492e-08,1000.000000,-2.79539029e-05
2025-04-04 10:42:45.794772,61.9998,38.85985,-1.5330790859e-08,8.7098122492e-08,1000.000000,-2.79539029e-05
2025-04-04 10:42:45.784235,61.9998,38.85985,-1.5330790859e-08,8.7098122492e-08,1000.000000,-2.96490548e-05
2025-04-04 10:42:45.772005,61.9998,38.85985,-1.5330790859e-08,8.7098122492e-08,1000.000000,-2.96490548e-05
2025-04-04 10:42:45.759950,61.9998,39.02545,-1.3750076633e-08,8.6584570624e-08,1000.000000,-2.96490548e-05
2025-04-04 10:42:45.746927,61.9998,39.02545,-1.3750076633e-08,8.6584570624e-08,1000.000000,-2.96490548e-05
2025-04-04 10:42:45.736542,61.9998,39.02545,-1.3750076633e-08,8.6584570624e-08,1000.000000,-2.96490548e-05
2025-04-04 10:42:45.725579,61.9998,39.02545,-1.3750076633e-08,8.6584570624e-08,1000.000000,-2.64513834e-05
2025-04-04 10:42:45.714513,61.9998,39.33515,-8.3642008875e-09,8.2713604854e-08,1000.000000,-2.64513834e-05
2025-04-04 10:42:45.703904,61.9998,39.33515,-8.3642008875e-09,8.2713604854e-08,1000.000000,-2.64513834e-05
2025-04-04 10:42:45.691845,61.9998,39.33515,-8.3642008875e-09,8.2713604854e-08,1000.000000,-2.64513834e-05
2025-04-04 10:42:45.680800,61.9998,39.33515,-8.3642008875e-09,8.2713604854e-08,1000.000000,-2.34463422e-05
2025-04-04 10:42:45.669243,61.9998,39.49995,-8.3642008875e-09,8.2713604854e-08,1000.000000,-2.34463422e-05
2025-04-04 10:42:45.656878,61.9998,39.49995,-1.0524273009e-08,9.5920086096e-08,1000.000000,-2.34463422e-05
2025-04-04 10:42:45.645965,61.9998,39.49995,-1.0524273009e-08,9.5920086096e-08,1000.000000,-2.8300639e-05
2025-04-04 10:42:45.633927,61.9998,39.49995,-1.0524273009e-08,9.5920086096e-08,1000.000000,-2.8300639e-05
2025-04-04 10:42:45.623548,62.00575,39.49995,-1.1585712834e-08,1.0146331419e-07,1000.000000,-2.8300639e-05
2025-04-04 10:42:45.610649,62.00575,39.49995,-1.1585712834e-08,1.0146331419e-07,1000.000000,-2.8300639e-05
2025-04-04 10:42:45.600521,62.00575,39.49995,-1.1585712834e-08,1.0146331419e-07,1000.000000,-2.80694824e-05
2025-04-04 10:42:45.589389,62.00575,39.49995,-1.7849922429e-08,9.9457743374e-08,1000.000000,-2.80694824e-05
2025-04-04 10:42:45.578737,62.00575,39.49995,-1.7849922429e-08,9.9457743374e-08,1000.000000,-2.80694824e-05
2025-04-04 10:42:45.568203,62.00575,39.49995,-1.7849922429e-08,9.9457743374e-08,1000.000000,-1.98248816e-05
2025-04-04 10:42:45.557353,62.00575,39.50015,-2.8252600259e-08,9.3157773051e-08,1000.000000,-1.98248816e-05
2025-04-04 10:42:45.546262,62.00575,39.50015,-2.8252600259e-08,9.3157773051e-08,1000.000000,-1.98248816e-05
2025-04-04 10:42:45.535237,62.00575,39.50015,-2.8252600259e-08,9.3157773051e-08,1000.000000,-2.43324446e-05
2025-04-04 10:42:46.142839,63.0018,37.50055,-5.4450989495e-08,4.1822435293e-08,1000.000000,-2.72219064e-05
2025-04-04 10:42:46.154092,63.0018,37.50055,-5.4450989495e-08,4.1822435293e-08,1000.000000,-3.34631432e-05
2025-04-04 10:42:46.164729,63.0018,37.50055,-5.4450989495e-08,4.1822435293e-08,1000.000000,-3.34631432e-05
2025-04-04 10:42:46.191199,63.0018,37.50055,-5.4450989495e-08,4.1822435293e-08,1000.000000,-3.34631432e-05
2025-04-04 10:42:46.203101,63.0018,37.50055,-5.4450989495e-08,4.1822435293e-08,1000.000000,-3.34631432e-05
2025-04-04 10:42:46.217623,62.99915,0.0,-6.4149858758e-08,2.936554111e-08,1000.000000,-3.34631432e-05
2025-04-04 10:42:46.228577,62.99915,0.0,-6.4149858758e-08,2.936554111e-08,1000.000000,-3.34631432e-05
2025-04-04 10:42:46.241386,62.99915,0.0,-6.4149858758e-08,2.936554111e-08,1000.000000,-2.06339311e-05
2025-04-04 10:42:46.252114,62.99915,0.0,-6.4149858758e-08,2.936554111e-08,1000.000000,-2.06339311e-05
2025-04-04 10:42:46.263098,62.99935,37.63835,-5.8909893852e-08,2.8337002078e-08,1000.000000,-2.06339311e-05
2025-04-04 10:42:46.274576,62.99935,37.63835,-5.8909893852e-08,2.8337002078e-08,1000.000000,-2.88014788e-05
2025-04-04 10:42:46.285477,62.99935,37.63835,-5.8909893852e-08,2.8337002078e-08,1000.000000,-2.88014788e-05
2025-04-04 10:42:46.297820,62.99935,37.8283,-5.0863267376e-08,2.5169848428e-08,1000.000000,-2.88014788e-05
2025-04-04 10:42:46.308379,62.99935,37.8283,-5.0863267376e-08,2.5169848428e-08,1000.000000,-2.79539029e-05
2025-04-04 10:42:46.319655,62.99935,37.8283,-5.0863267376e-08,2.5169848428e-08,1000.000000,-2.79539029e-05
2025-04-04 10:42:46.330179,62.99935,37.9834,-5.6734084097e-08,2.330446236e-08,1000.000000,-2.79539029e-05
2025-04-04 10:42:46.342736,62.99935,37.9834,-5.6734084097e-08,2.330446236e-08,1000.000000,-2.79539029e-05
2025-04-04 10:42:46.353711,62.99935,37.9834,-5.6734084097e-08,2.330446236e-08,1000.000000,-1.62804764e-05
2025-04-04 10:42:46.364279,62.99935,38.135,-5.6088925504e-08,2.6292800825e-08,1000.000000,-1.62804764e-05
2025-04-04 10:42:46.376674,62.99935,38.135,-5.6088925504e-08,2.6292800825e-08,1000.000000,-2.01330913e-05
2025-04-04 10:42:46.387192,62.99935,38.135,-5.6088925504e-08,2.6292800825e-08,1000.000000,-2.01330913e-05
2025-04-04 10:42:46.398597,63.0,38.36175,-5.8502198641e-08,3.8043022954e-08,1000.000000,-2.01330913e-05
2025-04-04 10:42:46.409209,63.0,38.36175,-5.8502198641e-08,3.8043022954e-08,1000.000000,-2.67981172e-05
2025-04-04 10:42:46.420539,63.0,38.36175,-5.8502198641e-08,3.8043022954e-08,1000.000000,-2.67981172e-05
2025-04-04 10:42:46.431128,63.0,38.36175,-5.8502198641e-08,3.8043022954e-08,1000.000000,-2.67981172e-05
2025-04-04 10:42:46.443388,63.0,38.48185,-5.9263228991e-08,4.0065767593e-08,1000.000000,-2.67981172e-05
2025-04-04 10:42:46.454216,63.0,38.48185,-5.9263228991e-08,4.0065767593e-08,1000.000000,-2.67981172e-05
2025-04-04 10:42:46.465402,63.0,38.48185,-5.9263228991e-08,4.0065767593e-08,1000.000000,-2.3947182e-05
2025-04-04 10:42:46.477084,63.0,38.67275,-4.5091155698e-08,3.8713931616e-08,1000.000000,-2.3947182e-05
2025-04-04 10:42:46.488466,63.0,38.67275,-4.5091155698e-08,3.8713931616e-08,1000.000000,-2.29455024e-05
2025-04-04 10:42:46.502027,63.0,38.67275,-4.5091155698e-08,3.8713931616e-08,1000.000000,-2.29455024e-05
2025-04-04 10:42:46.512925,63.0,38.8036,-3.126669057e-08,3.50475311e-08,1000.000000,-2.29455024e-05
2025-04-04 10:42:46.525033,63.0,38.8036,-3.126669057e-08,3.50475311e-08,1000.000000,-2.22905566e-05
2025-04-04 10:42:46.537249,63.0,38.8036,-3.0934813822e-08,4.2263032185e-08,1000.000000,-2.22905566e-05
2025-04-04 10:42:46.548803,63.0,38.9795,-3.0934813822e-08,4.2263032185e-08,1000.000000,-2.22905566e-05
2025-04-04 10:42:46.559522,63.0,38.9795,-3.0934813822e-08,4.2263032185e-08,1000.000000,-3.08818911e-05
2025-04-04 10:42:46.570545,63.0,38.9795,-3.0934813822e-08,4.2263032185e-08,1000.000000,-3.08818911e-05
2025-04-04 10:42:46.581621,63.0,39.2082,-5.7017327748e-08,4.2207240369e-08,1000.000000,-3.08818911e-05
2025-04-04 10:42:46.593330,63.0,39.2082,-5.7017327748e-08,4.2207240369e-08,1000.000000,-3.08818911e-05
2025-04-04 10:42:46.603967,63.0,39.2082,-5.7017327748e-08,4.2207240369e-08,1000.000000,-1.57025836e-05
2025-04-04 10:42:46.615169,63.0,39.2082,-5.7017327748e-08,4.2207240369e-08,1000.000000,-1.57025836e-05
2025-04-04 10:42:46.626620,63.0,39.3912,-7.0821762677e-08,5.3652765786e-08,1000.000000,-1.57025836e-05
2025-04-04 10:42:47.215251,64.00005,37.67275,-3.6190510144e-08,6.9395547087e-08,1000.000000,-3.10745213e-05
2025-04-04 10:42:47.204030,64.00005,37.67275,-3.6190510144e-08,6.9395547087e-08,1000.000000,-2.54497014e-05
2025-04-04 10:42:47.193576,64.00005,37.67275,-3.6190510144e-08,6.9395547087e-08,1000.000000,-2.54497014e-05
2025-04-04 10:42:47.181627,63.99995,37.8866,-4.5401574056e-08,7.1734433504e-08,1000.000000,-2.54497014e-05
2025-04-04 10:42:47.170896,63.99995,37.8866,-4.5401574056e-08,7.1734433504e-08,1000.000000,-2.54497014e-05
2025-04-04 10:42:47.159487,63.99995,37.8866,-4.5401574056e-08,7.1734433504e-08,1000.000000,-2.35233952e-05
2025-04-04 10:42:47.148195,63.99995,37.8866,-4.5401574056e-08,7.1734433504e-08,1000.000000,-2.35233952e-05
2025-04-04 10:42:47.137665,63.99995,38.12865,-4.5009613814e-08,7.0713042533e-08,1000.000000,-2.35233952e-05
2025-04-04 10:42:47.125636,63.99995,38.12865,-4.5009613814e-08,7.0713042533e-08,1000.000000,-2.35233952e-05
2025-04-04 10:42:47.113891,63.99995,38.12865,-4.5009613814e-08,7.0713042533e-08,1000.000000,-2.9764632e-05
2025-04-04 10:42:47.102191,63.99995,38.12865,-4.5009613814e-08,7.0713042533e-08,1000.000000,-2.9764632e-05
2025-04-04 10:42:47.091546,63.99995,38.12865,-4.5009613814e-08,7.0713042533e-08,1000.000000,-2.9764632e-05
2025-04-04 10:42:47.078459,63.99995,38.2778,-4.1539191642e-08,6.7274093851e-08,1000.000000,-2.9764632e-05
2025-04-04 10:42:47.067357,63.99995,38.2778,-4.1539191642e-08,6.7274093851e-08,1000.000000,-2.9764632e-05
2025-04-04 10:42:47.055212,63.99995,38.2778,-4.1539191642e-08,6.7274093851e-08,1000.000000,-2.34463422e-05
2025-04-04 10:42:47.044165,63.99995,38.60085,-4.356193628e-08,6.8425656252e-08,1000.000000,-2.34463422e-05
2025-04-04 10:42:47.031829,63.99995,38.60085,-4.356193628e-08,6.8425656252e-08,1000.000000,-2.34463422e-05
2025-04-04 10:42:47.020811,63.99995,38.60085,-4.356193628e-08,6.8425656252e-08,1000.000000,-2.09806673e-05
2025-04-04 10:42:47.009044,63.99995,38.79275,-4.4764995266e-08,6.7653182612e-08,1000.000000,-2.09806673e-05
2025-04-04 10:42:46.995453,63.99995,38.79275,-4.4764995266e-08,6.7653182612e-08,1000.000000,-2.09806673e-05
2025-04-04 10:42:46.970672,63.99995,38.79275,-4.4764995266e-08,6.7653182612e-08,1000.000000,-2.29069759e-05
2025-04-04 10:42:46.959671,63.9993,38.99995,-5.4692744555e-08,6.4980987702e-08,1000.000000,-2.29069759e-05
2025-04-04 10:42:46.948157,63.9993,38.99995,-5.4692744555e-08,6.4980987702e-08,1000.000000,-2.29069759e-05
2025-04-04 10:42:46.937173,63.9993,38.99995,-5.4692744555e-08,6.4980987702e-08,1000.000000,-2.29069759e-05
2025-04-04 10:42:46.925650,63.9993,38.99995,-5.4692744555e-08,6.4980987702e-08,1000.000000,-1.86690983e-05
2025-04-04 10:42:46.913930,63.9993,39.1793,-6.6750530436e-08,4.2533397249e-08,1000.000000,-1.86690983e-05
2025-04-04 10:42:46.902926,63.9993,39.1793,-6.6750530436e-08,4.2533397249e-08,1000.000000,-1.86690983e-05
2025-04-04 10:42:46.891498,63.9993,39.1793,-6.6750530436e-08,4.2533397249e-08,1000.000000,-2.00175141e-05
2025-04-04 10:42:46.881177,63.9993,39.3732,-6.7691807715e-08,3.6096096778e-08,1000.000000,-2.00175141e-05
2025-04-04 10:42:46.869633,63.9993,39.3732,-6.7691807715e-08,3.6096096778e-08,1000.000000,-2.00175141e-05
2025-04-04 10:42:46.857623,63.9993,39.3732,-6.7691807715e-08,3.6096096778e-08,1000.000000,-2.72989571e-05
2025-04-04 10:42:46.845236,63.99925,0.0,-6.1639305216e-08,3.3802987076e-08,1000.000000,-2.72989571e-05
2025-04-04 10:42:46.834142,63.99925,0.0,-6.1639305216e-08,3.3802987076e-08,1000.000000,-2.72989571e-05
2025-04-04 10:42:46.822595,63.99925,0.0,-6.1639305216e-08,3.3802987076e-08,1000.000000,-1.99404611e-05
2025-04-04 10:42:46.811009,63.99925,0.0,-6.1639305216e-08,3.3802987076e-08,1000.000000,-1.99404611e-05
2025-04-04 10:42:46.799254,63.99845,39.49965,-5.7755471516e-08,4.1330338263e-08,1000.000000,-1.99404611e-05
2025-04-04 10:42:46.787849,63.99845,39.49965,-5.7755471516e-08,4.1330338263e-08,1000.000000,-1.99404611e-05
2025-04-04 10:42:46.777580,63.99845,39.49965,-5.7755471516e-08,4.1330338263e-08,1000.000000,-1.93625683e-05
2025-04-04 10:42:46.765637,63.99845,39.49955,-6.780195605e-08,4.4016836398e-08,1000.000000,-1.93625683e-05
2025-04-04 10:42:46.754034,63.99845,39.49955,-6.780195605e-08,4.4016836398e-08,1000.000000,-1.93625683e-05
2025-04-04 10:42:46.742170,63.99845,39.49955,-6.780195605e-08,4.4016836398e-08,1000.000000,-2.83391655e-05
2025-04-04 10:42:46.731114,63.06605,39.5004,-6.2985421323e-08,4.770755524e-08,1000.000000,-2.83391655e-05
2025-04-04 10:42:46.720127,63.06605,39.5004,-6.2985421323e-08,4.770755524e-08,1000.000000,-2.83391655e-05
